{
  "canvas": {
    "version": "2.2.13",
    "width": 2000,
    "height": 2000,
    "scrollTop": -199.99999237060547,
    "scrollLeft": -48.68220000000001,
    "zoomLevel": 1,
    "show": {
      "tableComment": false,
      "columnComment": false,
      "columnDataType": true,
      "columnDefault": true,
      "columnAutoIncrement": true,
      "columnPrimaryKey": true,
      "columnUnique": true,
      "columnNotNull": true,
      "relationship": true
    },
    "database": "MySQL",
    "databaseName": "",
    "canvasType": "ERD",
    "language": "GraphQL",
    "tableCase": "pascalCase",
    "columnCase": "camelCase",
    "highlightTheme": "VS2015",
    "bracketType": "none",
    "setting": {
      "relationshipDataTypeSync": true,
      "relationshipOptimization": false,
      "columnOrder": [
        "columnName",
        "columnDataType",
        "columnNotNull",
        "columnUnique",
        "columnAutoIncrement",
        "columnDefault",
        "columnComment"
      ]
    },
    "pluginSerializationMap": {}
  },
  "table": {
    "tables": [
      {
        "id": "e8468559-bfe9-42db-aecd-8490adbfc2dc",
        "name": "user",
        "comment": "",
        "columns": [
          {
            "id": "de564b80-c641-47c7-93ba-3b0e18435a45",
            "name": "email",
            "comment": "",
            "dataType": "VARCHAR(100)",
            "default": "",
            "option": {
              "autoIncrement": false,
              "primaryKey": true,
              "unique": false,
              "notNull": true
            },
            "ui": {
              "active": false,
              "pk": true,
              "fk": false,
              "pfk": false,
              "widthName": 60,
              "widthComment": 60,
              "widthDataType": 94.94873046875,
              "widthDefault": 60
            }
          },
          {
            "id": "ac21148a-d233-43d2-9cc2-e48df5aa102d",
            "name": "password",
            "comment": "",
            "dataType": "VARCHAR(30)",
            "default": "",
            "option": {
              "autoIncrement": false,
              "primaryKey": false,
              "unique": false,
              "notNull": true
            },
            "ui": {
              "active": false,
              "pk": false,
              "fk": false,
              "pfk": false,
              "widthName": 60,
              "widthComment": 60,
              "widthDataType": 87.71875,
              "widthDefault": 60
            }
          },
          {
            "id": "b15124fd-b792-4789-9488-43ece621accd",
            "name": "role",
            "comment": "",
            "dataType": "ENUM['admin','mentor']",
            "default": "",
            "option": {
              "autoIncrement": false,
              "primaryKey": false,
              "unique": false,
              "notNull": false
            },
            "ui": {
              "active": false,
              "pk": false,
              "fk": false,
              "pfk": false,
              "widthName": 60,
              "widthComment": 60,
              "widthDataType": 136.90673828125,
              "widthDefault": 60
            }
          }
        ],
        "ui": {
          "active": false,
          "left": 36,
          "top": 118,
          "zIndex": 1,
          "widthName": 60,
          "widthComment": 60
        },
        "visible": true
      },
      {
        "id": "d301d434-2a70-4241-b56e-34719b4e1109",
        "name": "mentor",
        "comment": "",
        "columns": [
          {
            "id": "eb53025f-8a8d-4af6-a217-5bd4f579c1be",
            "name": "id",
            "comment": "",
            "dataType": "INT(15)",
            "default": "",
            "option": {
              "autoIncrement": true,
              "primaryKey": true,
              "unique": false,
              "notNull": true
            },
            "ui": {
              "active": false,
              "pk": true,
              "fk": false,
              "pfk": false,
              "widthName": 60,
              "widthComment": 60,
              "widthDataType": 60,
              "widthDefault": 60
            }
          },
          {
            "id": "1cc9582e-e4a8-428b-b7da-e812ad7c8449",
            "name": "name",
            "comment": "",
            "dataType": "VARCHAR(100)",
            "default": "",
            "option": {
              "autoIncrement": false,
              "primaryKey": false,
              "unique": false,
              "notNull": false
            },
            "ui": {
              "active": false,
              "pk": false,
              "fk": false,
              "pfk": false,
              "widthName": 60,
              "widthComment": 60,
              "widthDataType": 94.94873046875,
              "widthDefault": 60
            }
          },
          {
            "id": "bf876c1c-e35f-4630-965e-67a7bd125d75",
            "name": "email",
            "comment": "",
            "dataType": "VARCHAR(100)",
            "default": "",
            "option": {
              "autoIncrement": false,
              "primaryKey": false,
              "unique": false,
              "notNull": false
            },
            "ui": {
              "active": false,
              "pk": false,
              "fk": true,
              "pfk": false,
              "widthName": 60,
              "widthComment": 60,
              "widthDataType": 94.94873046875,
              "widthDefault": 60
            }
          },
          {
            "id": "5a4fd736-98dc-4398-b98a-3b4648935a80",
            "name": "description",
            "comment": "",
            "dataType": "TEXT",
            "default": "",
            "option": {
              "autoIncrement": false,
              "primaryKey": false,
              "unique": false,
              "notNull": false
            },
            "ui": {
              "active": false,
              "pk": false,
              "fk": false,
              "pfk": false,
              "widthName": 64.8671875,
              "widthComment": 60,
              "widthDataType": 60,
              "widthDefault": 60
            }
          },
          {
            "id": "c89170e8-e579-4edb-806a-0c763d3e1617",
            "name": "cv",
            "comment": "",
            "dataType": "VARCHAR(255)",
            "default": "",
            "option": {
              "autoIncrement": false,
              "primaryKey": false,
              "unique": false,
              "notNull": false
            },
            "ui": {
              "active": false,
              "pk": false,
              "fk": false,
              "pfk": false,
              "widthName": 60,
              "widthComment": 60,
              "widthDataType": 94.94873046875,
              "widthDefault": 60
            }
          },
          {
            "id": "e69418c8-f9cc-48f3-8213-86cb17140051",
            "name": "foto",
            "comment": "",
            "dataType": "VARCHAR(255)",
            "default": "",
            "option": {
              "autoIncrement": false,
              "primaryKey": false,
              "unique": false,
              "notNull": false
            },
            "ui": {
              "active": false,
              "pk": false,
              "fk": false,
              "pfk": false,
              "widthName": 60,
              "widthComment": 60,
              "widthDataType": 94.94873046875,
              "widthDefault": 60
            }
          },
          {
            "id": "86628b37-980e-48e1-9bf8-e69894fa747c",
            "name": "jobs",
            "comment": "",
            "dataType": "VARCHAR(100)",
            "default": "",
            "option": {
              "autoIncrement": false,
              "primaryKey": false,
              "unique": false,
              "notNull": false
            },
            "ui": {
              "active": false,
              "pk": false,
              "fk": false,
              "pfk": false,
              "widthName": 60,
              "widthComment": 60,
              "widthDataType": 94.94873046875,
              "widthDefault": 60
            }
          },
          {
            "id": "495a225d-380c-46af-b7ab-54e9f9c9d2b3",
            "name": "alamat",
            "comment": "",
            "dataType": "VARCHAR(255)",
            "default": "",
            "option": {
              "autoIncrement": false,
              "primaryKey": false,
              "unique": false,
              "notNull": false
            },
            "ui": {
              "active": false,
              "pk": false,
              "fk": false,
              "pfk": false,
              "widthName": 60,
              "widthComment": 60,
              "widthDataType": 94.94873046875,
              "widthDefault": 60
            }
          },
          {
            "id": "7e9225eb-f08a-4c4d-b5a1-7f59d7753963",
            "name": "latitude",
            "comment": "",
            "dataType": "DECIMAL(10,6)",
            "default": "",
            "option": {
              "autoIncrement": false,
              "primaryKey": false,
              "unique": false,
              "notNull": false
            },
            "ui": {
              "active": false,
              "pk": false,
              "fk": false,
              "pfk": false,
              "widthName": 60,
              "widthComment": 60,
              "widthDataType": 93.7490234375,
              "widthDefault": 60
            }
          },
          {
            "id": "34ad7ac5-e166-42f9-b210-85ae309eafc4",
            "name": "longitude",
            "comment": "",
            "dataType": "DECIMAL(10,6)",
            "default": "",
            "option": {
              "autoIncrement": false,
              "primaryKey": false,
              "unique": false,
              "notNull": false
            },
            "ui": {
              "active": false,
              "pk": false,
              "fk": false,
              "pfk": false,
              "widthName": 60,
              "widthComment": 60,
              "widthDataType": 93.7490234375,
              "widthDefault": 60
            }
          },
          {
            "id": "03845c9d-0c80-4c86-ae8c-43edefcdce35",
            "name": "status",
            "comment": "",
            "dataType": "VARCHAR(10)",
            "default": "",
            "option": {
              "autoIncrement": false,
              "primaryKey": false,
              "unique": false,
              "notNull": false
            },
            "ui": {
              "active": false,
              "pk": false,
              "fk": false,
              "pfk": false,
              "widthName": 60,
              "widthComment": 60,
              "widthDataType": 87.71875,
              "widthDefault": 60
            }
          }
        ],
        "ui": {
          "active": false,
          "left": 543,
          "top": 265,
          "zIndex": 12,
          "widthName": 60,
          "widthComment": 60
        },
        "visible": true
      }
    ],
    "indexes": []
  },
  "memo": {
    "memos": []
  },
  "relationship": {
    "relationships": [
      {
        "id": "694fa9b1-5474-49b5-af16-ff951c566725",
        "identification": false,
        "relationshipType": "ZeroOne",
        "startRelationshipType": "Ring",
        "start": {
          "tableId": "e8468559-bfe9-42db-aecd-8490adbfc2dc",
          "columnIds": [
            "de564b80-c641-47c7-93ba-3b0e18435a45"
          ],
          "x": 441.90673828125,
          "y": 183.25,
          "direction": "right"
        },
        "end": {
          "tableId": "d301d434-2a70-4241-b56e-34719b4e1109",
          "columnIds": [
            "bf876c1c-e35f-4630-965e-67a7bd125d75"
          ],
          "x": 543,
          "y": 412.25,
          "direction": "left"
        },
        "constraintName": "fk_user_to_mentor",
        "visible": true
      }
    ]
  }
}